Nick, lines
moritz, 11441
jjmerelo, 10847
cpan, 8471
will, 5239
altay-man, 5115
wenzel.peppmeyer, 3582
jan-olof.hendig, 3252
liz, 2904
dha, 2783
zoffixznet, 2098
tom.browder, 2060
paul, 1980
wander4096, 1974
alexmoquin, 1968
smls75, 1654
fluca1978, 1526
bri, 1315
215106+cfa, 1311
alex.jakimenko, 1102
jns+git, 884
steve.mynott, 763
studerj1.mail, 711
jnthn, 663
kaiepi, 648
antquinonez, 626
samantham, 625
awwaiid, 581
bwilcox, 571
naoum88, 544
bduggan, 474
cale.short, 379
jns, 377
bruce.gray, 362
geoff, 350
ddgreen, 345
moray.jones, 340
sterling, 331
seatek, 294
LLFourn, 265
rafaelschipiura, 227
finanalyst, 221
titsuki, 208
fritz.zaucker, 178
moritz.lenz, 171
email, 154
perrettdl, 149
timonator, 146
39702500+KlappeZuAffeTot, 135
angr7991, 132
rnddim, 127
john.haltiwanger, 124
github, 116
MasterDuke17, 114
zakame, 112
uzluisf, 111
molecules, 111
felix, 107
34197615+Kaiepi, 102
duff, 100
raiph.mellor, 99
rob, 97
jsoref, 96
jgoff, 93
b2gills, 91
pmichaud, 86
cmasak, 83
ccworld1000, 80
armand.halbert, 78
brian, 73
antoniogamiz10, 73
madcap.russo, 69
larry, 68
sanchezchristian, 62
patrick, 60
ElenaMerelo, 57
themanchicken, 56
lloyd.fourn, 52
scolinet, 52
ahmad.zawawi, 51
simon, 51
coleoid, 48
tim.dolores, 48
ronaldxs, 48
gabor, 47
siavash.askari.nasr, 44
glitchmr, 44
jarkko, 40
garrett.goebel, 39
edwin.steiner, 39
use_v6, 38
vynce.montgomery, 36
jkuan, 36
shlomif, 35
barryfoxbat, 34
mlenz, 33
jkramer, 33
david.warring, 32
benjamin.tyler, 32
parabolize, 30
Curt.Tilmes, 30
ugexe, 30
pauladelahoz, 30
dmaestro, 29
justin, 28
nicq20, 28
mienaikage, 28
szabgab, 26
39702500+threadless-screw, 26
doug, 25
lucasbuchala, 23
dbrunton, 22
chromatic, 21
zhtwnpanta, 21
dzwell, 21
ceci.merelo, 21
melezhik, 19
pub.claudio, 19
nlogan, 18
treyharris, 15
raydiak, 15
randy.lauen, 15
book, 14
francois, 14
ZzZombo, 14
ungrim97, 14
kris, 14
mathieu, 14
athoscr, 12
curt, 12
m.krull, 11
list-p6github, 11
eric-github, 11
norbi, 11
p.spek, 10
cognominal, 10
info, 10
johnnyspoon, 9
donaldh, 9
teodozjan, 9
matthias.bloch, 9
revhippie, 8
allan, 8
cxreg, 7
robertle, 7
git, 7
jjatria, 7
adriaan.larmuseau, 7
hello, 6
lichtkind, 6
grizzly, 5
lumimies, 5
olshevskiy87, 5
matthew.king, 5
martin, 5
pawelmurias, 5
blaabs, 5
f.sizov, 4
clint_who, 4
karl.yerkes, 4
tsmith, 4
jgabriele, 4
mailmeupinside, 3
mt1957, 3
dmc00, 3
zhuomingliang, 3
dale.evans, 3
holli.holzer, 3
dabe, 3
gotoexit, 3
sog, 3
flexibeast, 3
akim, 2
heiko_jansen, 2
vz-github, 2
nxadm, 2
tobias.leich, 2
neil.svedberg, 2
clifton.wood, 2
mryan50, 2
ytkin3000, 2
bahtiar, 2
khatar, 2
34807039+ilyash-b, 2
x.fix, 2
thormichael, 2
senochan, 2
thundergnat, 2
skelic2, 2
mdinger.bugzilla, 2
nastavs, 1
prammer1, 1
trey, 1
krunen, 1
tokuhirom, 1
garu, 1
neil.shadrach, 1
daniel.mita, 1
alex.jakimenko+github, 1
simon.proctor, 1
david.cawthon, 1
trixium, 1
fh, 1
hayter, 1
vincent-github, 1
robert.newbould, 1
darius, 1
brian.d.foy, 1
bbkr, 1
sjn, 1
ianmcb, 1
gdonald, 1
arilik.ismail, 1
tommystanton, 1
skelic3, 1
tadzikes, 1
sgeoster, 1
nathaniel_heyer, 1
jest, 1
daniel.dehennin, 1
developer, 1
fischer.emeric, 1
grinnz, 1
davidnmfarrell, 1
flussence, 1
nine, 1
lw, 1
cedric, 1
sam, 1
nadim.khemir, 1
cygx, 1
ei, 1
cuong.manhle.vn, 1
sarna.dev, 1
