Author,Files
2010, 9
perl, 2
will, 170
tomboy64, 2
kyleha, 17
thecrux, 2
ujwalic, 2
daxim, 2
moritz, 534
bart.wiegmans, 2
danielcliffordmiller, 2
andrew, 7
kraai, 2
ctp, 2
brian, 7
fernandocorrea, 8
ilmari, 3
dwhipp, 5
nicq20, 2
rogers-perl6, 2
thatlemon, 10
dod, 2
ufobat, 2
timo, 6
szabgab, 3
ahmad.zawawi, 6
jerry.gay, 2
kris, 9
fernando.correa, 7
ungrim97, 4
madcap.russo, 4
edwin.steiner, 2
2009, 7
sog, 13
sjn, 4
tony.odell, 2
christoph_git, 7
email, 222
samantham, 67
jaume.martif, 2
radu_cs85, 2
gam, 2
hello, 3
rightfold, 2
cb, 7
geoff, 10
tewk, 2
last.of.the.careless.men, 3
studerj1.mail, 10
tbrowde, 2
nxadm, 2
p.spek, 2
gerd.r.devel, 8
jan-olof.hendig, 9
jns+git, 14
cognominal, 9
jeff, 6
archbaum, 3
flussence, 7
rnddim, 30
pmichaud, 740
bob, 2
mmcleric, 6
jdhore1, 5
timonator, 124
scolinet, 13
skaji, 2
rurban, 6
vlmarek, 3
altay-man, 6
sno, 6
quester.pm, 6
jenkinsd, 3
virtuallysue, 3
mestre.smash, 3
seatek, 2
felix, 10
ambs, 18
will.coleda, 2
cpan, 296
dankogai+github, 2
panu.ervamaa, 2
audreyt, 28
Bernhard.Schmalhofer, 40
webmaster, 2
john, 2
mark, 35
cspencer, 17
matthew, 8
ruz, 2
snarkyboojum, 9
vendethiel, 6
bernhard, 3
mberends, 13
skelic2, 2
fawaka, 17
raiph.mellor, 2
andy, 26
paul, 7
glitchmr, 2
lumimies, 3
zhuomingliang01, 13
larry, 164
bartwiegmans, 2
shlomif, 2
kaiepi, 7
david.warring, 15
kentrak, 2
ash, 2
ingy, 2
duff, 113
bri, 28
gigantic.midget, 2
christoph_github, 2
donald, 22
stefanor, 30
allison, 19
jntn, 2
github, 20
ugexe, 22
martin, 39
hippo, 39
mls, 8
dmaestro, 2
donaldh, 9
kristofbogaerts, 63
cuong.manhle.vn, 8
wknight8111, 29
smash, 9
jns, 8
bslaabs, 21
tadzikes, 91
paultcochrane, 33
jkeenan, 18
pawelmurias, 27
peschwa, 62
lloyd.fourn, 7
root+github, 5
chris, 5
dakkar, 5
b2gills, 11
christoph, 5
book, 3
sterling, 4
bahtiar, 5
steve.mynott, 27
autarch, 4
grondilu, 6
rjbs, 3
chromatic, 51
sjn+gnurf, 3
jonathan, 11
tene, 53
kristof, 21
john.haltiwanger, 4
tim.dolores, 9
LLFourn, 3
vito.perleone+github, 2
mlenz, 39
francois.perrad, 7
qiuhongwen, 3
nlogan, 39
gp, 9
awwaiid, 4
kyle, 9
bacek, 9
wenzel.peppmeyer, 4
mattoates, 2
me, 5
anteusz, 4
Jerry.Gay, 78
bruce, 11
cpinfold, 5
smls75, 3
joshuamy, 4
jesse, 2
eternaleye, 3
jani+perl6-2010, 2
bwilcox, 4
colomon, 90
justin, 2
carlin, 2
avarab, 2
patrick.abisalloum, 9
ronaldxs, 8
pokorra, 4
dale.evans, 2
filip, 12
root, 3
cosimo, 2
Daenyth+git, 2
parrot, 3
cookbook_000, 2
tom.browder, 20
zoffixznet, 46
jepeway, 2
lue, 3
rob, 80
titsuki, 11
julian.notfound, 5
tokuhirom, 2
perl6git, 3
unobe, 12
jnthn, 1114
plobsing, 3
thundergnat, 4
q, 3
parrotcode, 4
Lanny.Ripple, 2
uasi, 5
jgoff, 2
kbenson, 2
liz, 513
MasterDuke17, 7
clifton.wood, 4
Curt.Tilmes, 3
raydiak, 10
foollbar, 2
amir.aharoni, 4
matt, 3
michael, 2
perl6-git, 2
glassflag, 2
marcus, 4
nine, 155
tommystanton, 2
m.s.khorkov, 3
nastavs, 7
zhuomingliang, 11
moritz.lenz, 10
bduggan, 2
blaabs, 5
alexmoquin, 51
nick.glencross, 3
simon, 3
rakudoperl, 3
markmont, 4
bruce.gray, 26
siddhantsaraf, 3
arnsholt, 29
gjb, 27
ddgreen, 134
rafl, 26
wellnhofer, 8
use_v6, 58
taboege, 2
nick, 6
felliott, 5
cygx, 8
walde.christian, 2
lucasbuchala, 16
labensigma, 2
Jonathan, 5
Worthington, 2
tyler.l.curtis, 7
abraxxa, 5
dagurval, 5
chip, 11
cmasak, 171
alex.jakimenko, 61
wander4096, 5
jstuder, 2
juerd, 6
brian.gernhardt, 3
lt, 11
benji, 2
kernel.julien, 4
diakopter, 3
teodozjan, 5