File,Authors
src/classes/Code.pir, 6
src/core/Block.pm, 14
src/core/Slang.pm6, 1
src/CORE.setting/Bool.pm, 1
src/old/builtins/Bool.pir, 2
src/old/classes/Submethod.pir, 2
src/builtins/Array.pir, 4
src/Perl6/Compiler/Parameter.pm, 2
t/pod/02-paragraph.t, 1
src/core/hash_slice.pm, 9
src/old/classes/Failure.pir, 2
src/pmc/perl6multisub.pmc, 14
src/old/cheats/int-ops.pir, 2
CONTRIBUTING.md, 5
tools/build/NQP_REVISION, 33
src/core/Parameter.pm6, 1
src/core/distro.pm6, 1
src/core/LexPad.pm, 2
t/pmc/p6invocation-1.t, 1
lib/Pod/To/Text.pm, 12
src/binder/container.h, 2
docs/announce/2012.12, 1
src/core/StrDistance.pm, 5
src/core/operators.pm6, 3
src/vm/jvm/runtime/org/perl6/rakudo/RakudoContainerSpec.java, 4
t/09-moar/General_Category;UnicodeData;2.t, 1
src/classes/Signature.pir, 9
src/cheats/str-ops.pir, 4
src/old/setting/Int.pm, 2
docs/announce/2015.01.md, 1
src/binder/multidispatch.c, 5
src/old/core/tai-utc.pm, 2
src/core/Rakudo/Internals/HyperIteratorBatcher.pm6, 2
src/core/Proc.pm6, 3
t/05-messages/03-errors.t, 4
src/core/Signature.pm6, 2
src/core/Rakudo/Internals/RaceToIterator.pm6, 1
src/core/Whatever.pm6, 1
docs/announce/2016.07.md, 1
src/Perl6/Metamodel/Configuration.nqp, 1
src/QPerl6/World.pm, 1
docs/announce/2017.08.md, 1
src/core/Slang.pm, 2
src/core/Supply.pm, 15
tools/build/nqp-jvm-rr.pl, 1
src/builtins/Pair.pir, 1
src/cheats/use.pir, 2
src/old/classes/Junction.pir, 2
src/builtins/Associative.pir, 3
src/Perl6/Metamodel/MultipleInheritance.nqp, 4
src/core/enum.pm, 1
docs/announce/2015.12.md, 10
src/Perl6/Metamodel/MultipleInheritance.pm, 2
docs/announce/2010.11, 1
src/Perl6/Metamodel/DefaultParent.nqp, 2
t/3rdparty/Unicode/10.0.0/extracted/DerivedGeneralCategory.txt, 1
lib/nqp.pm6, 2
src/parse2past.tg, 1
src/core/Nil.pm6, 1
lib/PAST.pir, 3
t/02-test-pm/3-output.t, 3
src/builtins/Parcel.pir, 7
src/glue/dispatch.pir, 6
docs/announce/2017.09.md, 1
tools/build/Makefile-Moar.in, 27
src/core/Rational.pm, 12
src/vm/parrot/guts/types.c, 2
src/cheats/callmethod.pir, 1
lib/DateTime/strftime.pm, 3
src/old/builtins/Sub.pir, 1
docs/announce/2012.04.1, 1
t/02-rakudo/v6.d-tests/01-deprecations.t, 1
.travis.yml, 11
t/09-moar/General_Category__extracted-DerivedGeneralCategory.t, 1
src/metamodel/RoleToInstanceApplier.nqp, 1
src/old/builtins/Block.pir, 1
src/core/Rakudo/Metaops.pm6, 1
lib/grammar_sub.pg, 1
src/builtins/Iterator.pir, 5
TODO, 1
src/core/Enumeration.pm, 15
docs/running.pod, 14
src/core/Real.pm6, 2
lib/Completion.pm, 1
lib/grammar_sub.pge, 2
src/Perl6/Metamodel/RoleAppliers.pm, 1
src/core/Deprecations.pm, 9
src/core/Rational.pm6, 5
src/core/Compiler.pm, 4
src/core/ShapedNArray.pm, 1
docs/announce/2012.08, 3
src/core/set_addition.pm6, 1
src/builtins/revision.pir, 1
src/setting/Buf.pm, 1
src/ops/.gitignore, 3
src/CORE.setting/EXPORTHOW.pm, 1
blib/Perl6/.gitignore, 3
docs/announce/2009-09, 3
src/old/builtins-old/math.pir, 2
src/core/IO/CatHandle.pm, 4
src/vm/parrot/guts/sixmodelobject.h, 3
t/00-parrot/08-regex.t, 3
lib/NativeCall/Compiler/MSVC.pm6, 3
docs/announce/2016.01.md, 2
lib/past2pir.tg, 1
src/classes/Int.pir, 6
src/setting/Block.pm, 1
src/builtins/control.pir, 18
src/cheats/parrot/P6role.pir, 3
src/old/core/Iterable.pm, 2
src/old/core/IO/Socket/INET.pm, 2
src/core.d/Grammar.pm, 1
src/cheats/perl6-compiler.pir, 2
src/CORE.setting/Sub.pm, 1
src/CORE.setting/Signature.pm, 1
src/old/builtins/Cool.pir, 1
src/Perl6/Metamodel/EXPORTHOW.pm, 1
docs/language_versions.md, 4
src/core/CompUnit/Loader.pm6, 1
src/core/terms.pm, 17
src/old/core/Routine.pm, 2
src/core/Duration.pm, 7
tools/lib/NQP/Configure.pm, 21
src/gen/README, 2
src/vm/parrot/guts/container.c, 4
src/classes/Pair.pir, 6
build/merge_pm.pl, 1
src/pmc/objectref_pmc.template, 6
src/core/Array.pm, 23
src/setting/Operators.pm, 9
docs/announce/2017.01.md, 1
t/04-nativecall/19-function-pointers.c, 1
t/02-rakudo/04-diag.t, 2
t/01-sanity/12-try.t, 1
src/Perl6/Metamodel/EnumHOW.nqp, 6
src/core/IO/Path.pm, 18
src/core/JSON/Pretty.pm6, 2
src/core/Mu.pm, 26
docs/announce/2016.08.1.md, 1
src/vm/parrot/guts/bind.h, 2
src/classes/Match.pir, 3
src/setting/Str.pm, 5
src/old/core/Signature.pm, 2
src/old/core/Real.pm, 2
src/Perl6/Metamodel/RolePunning.nqp, 4
src/core/Rakudo/Internals/RaceToIterator.pm, 2
src/builtins/ContainerDeclarand.pir, 1
src/Perl6/Compiler/Signature.pm, 3
src/CORE.setting/Parcel.pm, 1
src/QPerl6/Grammar.pm, 1
t/04-nativecall/20-concurrent.c, 1
src/cheats/parrot/P6Invocation.pir, 1
build/gen_setting_pm.pl, 4
src/old/core/Grammar.pm, 2
src/classes/Array.pir, 8
src/builtins-old/assign.pir, 1
t/07-pod-to-text/01-whitespace.t, 3
src/core/Submethod.pm, 4
src/builtins-old/math.pir, 1
src/Perl6/Metamodel/BUILDPLAN.nqp, 6
src/core/Stash.pm6, 1
src/vm/parrot/pmc/perl6lexinfo.pmc, 1
src/builtins-old/any-num.pir, 1
src/metamodel/Attribute.nqp, 2
t/pmc/perl6multisub-type.t, 3
docs/ops.markdown, 5
src/core/Associative.pm6, 1
src/core/asyncops.pm6, 1
src/core/Shaped3Array.pm, 1
lib/grammar_optok.pg, 1
src/old/core/List.pm, 3
src/old/cheats/constants.pir, 2
src/core/IO/Socket/INET.pm, 22
src/core/ShapedNArray.pm6, 1
src/core/Rangeint.pm, 1
src/core/IO/Spec.pm, 9
src/core/CompUnit/RepositoryRegistry.pm, 10
README, 21
src/Perl6/Metamodel/ContainerDescriptor.pm, 2
t/01-sanity/07-substr.t, 4
src/old/setting/Any-num.pm, 2
src/builtins/Abstraction.pir, 2
Test.pm, 21
src/core/IO.pm, 36
src/Perl6/Pod.nqp, 13
src/classes/IO.pir, 13
src/core/Encoding/Decoder.pm, 2
src/core/Rakudo/Iterator.pm, 8
src/core/IO/Socket/INET.pm6, 2
t/03-jvm/Foo.java, 1
src/classes/UnderConstructionProto.pir, 2
src/core/IO/Stat.pm, 2
lib/TAP.pm6, 4
src/Perl6/Metamodel/MethodContainer.nqp, 3
lib/NativeCall/Types.pm6, 9
src/vm/parrot/guts/types.h, 2
src/cheats/print-say.pir, 2
src/old/core/IO/Socket.pm, 2
src/core/Encoding.pm6, 1
t/04-nativecall/07-writebarrier.c, 1
docs/announce/2013.10.md, 2
t/pmc/perl6multisub-dispatch-arity.t, 1
src/old/core/Range.pm, 2
src/old/core/Pair.pm, 2
src/core/precedence.pm, 7
ConfigureMoar.pl, 3
src/glue/handles.pm, 2
src/pmc/perl6scalar.pmc, 3
src/old/cheats/parrot/P6metaclass.pir, 2
src/old/builtins/Seq.pir, 2
docs/release_guide_automated.md, 1
src/core/AST.pm, 5
src/core/EnumMap.pm, 14
docs/announce/2015.05.md, 3
tools/release-dates.p6, 1
src/old/core/Match.pm, 2
src/Perl6/Metamodel/GenericHOW.nqp, 2
src/core/CompUnit/PrecompilationRepository.pm6, 1
src/core/CompUnit/PrecompilationStore/File.pm6, 1
src/core/Cool.pm, 28
lib/NativeCall/Compiler/GNU.pm, 1
src/parse.pir, 2
src/old/classes/Nil.pir, 2
src/old/setting/Object.pm, 2
src/CORE.setting/Array.pm, 2
src/old/cheats/relops.pir, 2
src/core/Int.pm6, 2
src/core/MixHash.pm6, 1
src/pmc/perl6sub.pmc, 2
src/old/builtins/MapIter.pir, 2
src/Perl6/Metamodel/ParrotInterop.pm, 4
src/builtins/guts.pir, 12
src/old/builtins-old/named-unary.pir, 2
src/cheats/parrot/P6metaclass.pir, 1
src/old/builtins/Associative.pir, 2
t/02-embed/01-load.t, 4
src/core/CompUnit/Repository/NQP.pm, 2
docs/announce/2018.04.1.md, 1
src/core/IO/Spec/Unix.pm6, 1
src/vm/jvm/core/Threading.pm, 4
src/builtins/Multi.pir, 1
tools/build/create-moar-runner.pl, 12
docs/announce/2018.04.md, 1
tools/build/gen-moar-runner.pl, 2
t/00-parrot/10-regex.t, 2
src/Perl6/Metamodel/PackageHOW.pm, 4
src/Perl6/Metamodel/MultiMethodContainer.pm, 4
src/setting/Parameter.pm, 2
src/parser/grammar.pg, 10
t/01-sanity/07-range.t, 3
docs/announce/2010.08, 4
src/Perl6/Compiler/Role.pm, 2
t/02-rakudo/11-deprecated.t, 2
src/core/SLICE.pm6, 1
docs/announce/2014.12.md, 1
t/stresstest.data, 2
src/Perl6/Metamodel/Mixins.pm, 3
src/core/JVM/IOAsyncFile.pm6, 1
src/core/natives.pm, 5
src/parser/expression.pir, 4
src/core/Pair.pm6, 2
src/builtins/Str.pir, 9
src/core.d/await.pm, 3
docs/announce/2014.10.md, 2
lib/grammar_rules.pge, 3
src/core/CompUnit.pm6, 1
src/Perl6/Metamodel/Archetypes.pm, 1
lib/grammar.g, 1
lib/builtins.pir, 2
src/QPerl6/Compiler.nqp, 1
src/core/Scheduler.pm, 2
src/core/HyperWorkBuffer.pm, 3
src/core/SlippyIterator.pm6, 1
src/core/IO/Local.pm, 2
src/Perl6/Metamodel/SubsetHOW.pm, 4
t/sanity.t, 3
src/builtins/ParcelIter.pir, 1
src/core/Cool-str.pm, 12
docs/release_guide.pod, 28
src/Perl6/Metamodel/ParametricRoleGroupHOW.nqp, 4
t/08-performance/99-misc.t, 1
t/04-nativecall/19-function-pointers.t, 2
src/old/builtins-old/io.pir, 2
src/old/glue/dispatch.pir, 2
src/Perl6/Metamodel/NativeHOW.nqp, 6
src/core/OS.pm6, 2
docs/module_management.md, 2
src/vm/parrot/Perl6/Ops.nqp, 3
tools/rebase-rakudo.pl, 4
src/classes/Scalar.pir, 2
src/core/Stash.pm, 4
src/core/Setty.pm6, 2
src/core/Instant.pm, 14
src/cheats/postcircumfix-hash.pir, 3
src/cheats/match-bool.pm, 2
src/core/CompUnit/Handle.pm, 4
src/core/Application.pm, 1
LHF.markdown, 5
src/builtins/Enum.pir, 2
lib/Safe.pm, 1
t/04-nativecall/06-struct.t, 7
src/classes/Abstraction.pir, 2
t/01-sanity/09-end-blocks.t, 1
t/pod/01-delimited.t, 1
src/core/Map.pm6, 3
src/core/IO/Spec/Cygwin.pm6, 1
src/core/Enum.pm, 9
docs/announce/2013.01, 2
tools/available-pm-names.pl6, 3
src/classes/Module.pir, 2
src/old/core/Parcel.pm, 2
t/04-nativecall/06-struct.c, 3
src/Perl6/Metamodel/ClassHOW.nqp, 5
src/core/CallFrame.pm6, 1
t/05-messages/10-warnings.t, 1
src/classes/Nil.pir, 3
docs/announce/2017.03.md, 1
src/Perl6/Metamodel/ArrayType.nqp, 2
docs/guide_to_setting.pod, 4
t/pmc/mutable.t, 2
src/Perl6/Metamodel/TypePretence.pm, 1
src/old/core/Associative.pm, 2
src/Perl6/Metamodel/TypePretense.nqp, 2
src/core/SlippyIterator.pm, 3
src/core/control.pm, 24
src/core/IO/Pathy.pm, 1
src/old/parser/methods.pir, 2
src/core/HyperSeq.pm6, 2
src/core/Uni.pm, 5
src/core/REPL.pm, 11
STATUS, 2
t/01-sanity/07-defined.t, 3
src/classes/List.pir, 15
src/core/Iterable.pm, 9
docs/announce/2017.12.md, 1
src/core/ShapedArray.pm6, 1
src/Perl6/BacktracePrinter.pm, 4
src/Perl6/Metamodel/BaseType.nqp, 2
src/core/Rakudo/Internals/HyperIteratorBatcher.pm, 1
t/pmc/perl6multisub-dispatch-type.t, 1
src/old/core/Attribute.pm, 2
src/core/Scalar.pm6, 1
src/vm/parrot/guts/storage_spec.h, 2
src/setting/Code.pm, 2
t/08-moar/General_Category:extracted-DerivedGeneralCategory.t, 1
src/core/Rat.pm6, 1
t/pmc/objectref.t, 2
src/classes/Str.pir, 9
src/builtins/SeqIterator.pir, 2
src/core/Distro.pm, 8
src/core/MixHash.pm, 6
src/old/core/RangeIter.pm, 2
src/QPerl6/Actions.pm, 1
src/core/Nil.pm, 9
src/core/Rakudo/Internals/JSON.pm, 2
t/00-parrot/09-pir.t, 3
src/builtins/Block.pir, 1
docs/announce/2015.10.md, 1
src/pmc/ctmthunk.pmc, 1
t/pod/05-comment.t, 1
src/binder/exceptions.c, 2
src/core/Cursor.pm, 15
src/core/Kernel.pm, 13
src/core/Date.pm, 9
src/core/tai-utc.pm, 7
src/old/setting/Hash.pm, 2
lib/NativeCall.pm, 10
gen/moar/.gitignore, 1
src/Perl6/Metamodel/CurriedRoleHOW.pm, 3
docs/announce/2010.05, 3
src/core/Setty.pm, 9
src/core/Code.pm6, 2
src/core/set_subset.pm6, 2
src/core/core_prologue.pm6, 3
ROADMAP, 6
t/harness5, 4
src/core/Failure.pm6, 1
src/old/builtins-old/compiler.pir, 2
src/old/setting/Pair.pm, 2
src/old/parrot/P6Invocation.pir, 2
src/core/multidim_slice.pm6, 2
src/core/array_slice.pm, 12
src/old/setting/IO/Socket/INET.pm, 2
src/old/core/metaops.pm, 2
src/old/cheats/parrot/attriter.pir, 2
src/core/HyperIterable.pm, 1
docs/announce/2015.02.md, 2
src/old/classes/Mapping.pir, 2
src/Perl6/Metamodel/Naming.nqp, 5
src/core/CompUnit/Repository/FileSystem.pm6, 3
src/old/core/IO/Stat.pm, 2
t/09-moar/General_Category__UnicodeData__2.t, 1
src/core/Numeric.pm, 20
t/01-sanity/13-equal.t, 2
src/vm/parrot/ModuleLoaderVMConfig.nqp, 4
src/builtins/Failure.pir, 3
t/04-nativecall/05-arrays.c, 2
t/04-nativecall/12-sizeof.c, 2
t/01-sanity/Test.pm, 2
src/pmc/mutable_pmc.template, 6
t/06-tap-harness/test-files/01-desc-backslashes--1.TAP-TEST, 2
src/core/KeyBag.pm, 2
src/setting/Pair.pm, 4
src/builtins-old/match.pir, 1
src/old/builtins-old/match.pir, 2
src/pmc/mutablevar.pmc, 7
src/core/Proc/Async.pm, 14
src/core.d/await.pm6, 1
lib/main.pir, 4
src/core/Encoding/Encoder/Builtin.pm6, 2
docs/announce/2014.02.md, 1
src/setting/Range.pm, 4
src/old/classes/Associative.pir, 2
src/pmc/byteview.pmc, 1
docs/2017-IO-Grant--Action-Plan.md, 2
t/04-nativecall/16-rt125729.t, 2
src/classes/Num.pir, 7
src/old/setting/Match.pm, 2
src/core/system.pm, 5
src/core/Any-iterable-methods.pm, 16
t/04-nativecall/13-cpp-mangling.cpp, 2
src/cheats/parrot-attriter.pir, 1
t/04-nativecall/03-simple-returns.c, 3
src/vm/jvm/core/IO/Socket/INET.pm, 2
src/binder/storage_spec.h, 2
t/01-sanity/14-if.t, 2
lib/Test.pm6, 20
build/Makefile.in, 28
src/Perl6/Metamodel/NativeRefHOW.nqp, 1
src/core/Encoding/Encoder/Builtin.pm, 2
src/core/Argfiles.pm6, 1
src/core/Submethod.pm6, 1
src/builtins.pir, 3
t/04-nativecall/04-pointers.c, 4
t/06-telemetry/02-usage.t, 1
src/core/set_precedes.pm6, 3
src/core/core_epilogue.pm, 6
t/01-sanity/52-parse-include-spec.t, 2
src/core/Bag.pm6, 1
t/01-sanity/12-counter.t, 2
src/setting/Object.pm, 4
build/gen_nqp.pl, 3
src/old/core/IO.pm, 2
LICENSE, 4
src/builtins/SeqIter.pir, 4
docs/announce/2017.04.1.md, 2
src/core/Promise.pm, 8
src/core/Pair.pm, 11
src/parrot/P6Invocation.pir, 1
src/old/core/Complex.pm, 2
src/classes/Role.pir, 7
src/setting/Array.pm, 5
src/CORE.setting/you_are_here.pm, 1
src/core-nom/natives.pm, 1
src/old/glue/types.pir, 2
src/old/core/Order.pm, 2
docs/announce/2017.07.md, 1
docs/metaobject-api.pod, 2
src/core/CompUnit/Repository.pm6, 1
src/old/core/Set.pm, 2
src/core/RaceSeq.pm, 1
src/classes/Subset.pir, 3
src/classes/Protoobject.pir, 5
src/builtins/Int.pir, 4
src/Perl6/Compiler.pir, 10
docs/announce/2017.04.md, 1
src/setting/List.pm, 3
src/old/classes/Iterator.pir, 2
src/core/BagHash.pm6, 1
src/core/Rakudo/Internals.pm6, 5
src/old/setting/Temporal.pm, 2
src/CORE.setting/Parameter.pm, 1
src/core/Encoding/Encoder.pm, 2
docs/announce/2009-07, 2
src/core/Encoding/Decoder/Builtin.pm6, 2
src/Perl6/Optimizer.nqp, 17
src/Perl6/Module/Locator.pm, 5
tools/contributors.pl6, 4
src/core/Lock.pm, 3
src/core/Mix.pm6, 1
t/01-sanity/04-if.t, 3
src/old/cheats/str-ops.pir, 2
src/core/IO/Pipe.pm, 5
src/core/natives.pm6, 1
src/core/Any-list-methods.pm, 1
src/core/atomicops.pm, 2
src/core/Variable.pm, 5
gen/parrot/.gitignore, 1
src/old/setting/Str.pm, 2
src/Perl6/Metamodel/RolePunning.pm, 4
t/08-performance/02-qast-rewrites.t, 1
src/core/PairMap.pm, 3
build/gen_cheats_pir.pl, 2
docs/ChangeLog, 31
t/01-sanity/18-simple-multisubs.t, 2
src/builtins/globals.pir, 4
src/core/set_symmetric_difference.pm6, 1
src/setting/IO.pm, 4
src/core/Rakudo/Internals/JSON.pm6, 3
src/core/Uni.pm6, 1
lib/newline.pm6, 1
t/04-nativecall/10-cglobals.c, 1
lib/past2post.tg, 1
src/pmc/perl6routine.pmc, 2
src/old/classes/Range.pir, 2
src/core/Awaiter.pm6, 1
tools/build/moar_core_sources, 12
src/core/Any-iterable-methods.pm6, 4
t/04-nativecall/20-concurrent.t, 2
src/utils/perl6doc/grammar.pg, 3
src/core/Shaped2Array.pm, 1
src/vm/jvm/runtime/org/perl6/rakudo/RakudoJavaInterop.java, 5
src/core/EXPORTHOW.pm6, 1
src/core/Version.pm, 11
src/vm/parrot/guts/bind.c, 4
src/old/metamodel/RoleToInstanceApplier.nqp, 2
t/08-performance/01-iterators.t, 1
t/02-test-pm/2-force_todo.t, 3
src/binder/types.h, 3
src/core/HyperIterator.pm, 1
src/core/RaceSeq.pm6, 2
src/core/CompUnitRepo.pm, 8
src/builtins-old/any-list.pir, 1
src/old/builtins-old/op.pir, 2
src/builtins/Lyst.pir, 1
src/core/Proc.pm, 13
t/01-sanity/03-op-logic.t, 3
p6shell.pir, 1
src/parrot/Role.pir, 3
docs/announce/2010.06, 2
src/builtins/Sub.pir, 1
src/builtins/Regex.pir, 2
src/Perl6/Metamodel/BOOTSTRAP.pm, 10
docs/announce/2009-08, 4
src/cheats/any-map.pir, 2
docs/announce/2010.04, 2
src/CORE.setting/control.pm, 1
t/02-embed/01-load.pir, 3
src/core/Rakudo/Internals/HyperToIterator.pm6, 2
src/core/Grammar.pm6, 1
t/09-moar/NAME__UnicodeData.t, 1
tools/release-dates.pl, 2
docs/announce/2013.09.md, 1
src/core/PseudoStash.pm, 9
t/04-nativecall/14-rw-attrs.t, 2
t/01-sanity/19-say.t, 2
src/Perl6/Metamodel/REPRAttributeProtocol.pm, 2
t/spectest.data, 55
src/grammar_rules.pg, 2
t/01-sanity/07-for.t, 3
src/metamodel/RoleToClassApplier.pir, 1
src/core/CompUnit/Repository/AbsolutePath.pm6, 2
src/core/Any.pm, 24
src/parser/quote_expression.pir, 9
build/gen_metaop_pir.pl, 8
docs/announce/2011.05, 1
lib/lib.pm6, 6
src/builtins/ListIterator.pir, 3
src/core/IO/Path/Special.pm, 1
src/CORE.setting/Str.pm, 3
src/old/builtins/Signature.pir, 2
src/Perl6/Metamodel/AttributeContainer.nqp, 2
src/core/Awaitable.pm6, 2
src/core/Process.pm6, 1
t/06-tap-harness/test-files/02-skip-all.TAP-TEST, 2
src/core/IterationBuffer.pm, 4
t/09-moar/Line_Break__LineBreak.t, 1
src/core/CompUnit/Handle.pm6, 1
src/core/Version.pm6, 1
src/parser/actions.pl, 2
src/classes/Regex.pir, 1
src/cheats/eval.pm, 3
INSTALLME, 1
t/05-messages/v6.d-tests/01-errors.t, 1
t/02-rakudo/12-proto-arity-count.t, 1
src/old/builtins/ParcelIter.pir, 2
src/core/Stringy.pm, 10
src/core/IO/File.pm, 1
t/00-parrot/08-var-array.t, 1
src/old/setting/Num.pm, 2
src/old/setting/Any-str.pm, 2
src/old/core/Array.pm, 2
src/core/CompUnit.pm, 6
src/core/MapIter.pm, 7
src/core/Routine.pm, 9
src/core/Proc/Async.pm6, 1
src/core/Hash.pm6, 3
src/setting/Whatever.pm, 5
src/parser/actions.pm, 24
src/core/BackTrace.pm, 2
src/old/core/Cool.pm, 2
src/old/builtins/Iterator.pir, 2
tools/update_passing_test_data.pl, 8
t/04-nativecall/CompileTestLib.pm6, 1
t/04-nativecall/07-writebarrier.t, 2
src/core/SetHash.pm, 5
src/core/Encoding/Builtin.pm6, 2
src/parser/grammar_optok.pg, 1
t/01-sanity/99-test-basic.t, 7
t/02-rakudo/dd.t, 1
src/builtins/named-unary.pir, 9
src/core/Lock/Async.pm, 3
src/core/Num.pm, 16
src/cheats/gatheriterator.pir, 5
src/old/core/Callable.pm, 2
src/core/Awaiter.pm, 3
t/02-rakudo/repl.t, 10
src/core/Any-list.pm, 10
src/pmc/perl6str.pmc, 15
src/CORE.setting/Any.pm, 2
src/old/core/Whatever.pm, 2
t/04-nativecall/13-union.t, 3
src/core/Sub.pm6, 1
src/builtins-old/compiler.pir, 1
src/CORE.setting/Iterator.pm, 1
src/core/Num.pm6, 2
src/core/HashIter.pm, 4
src/core/traits.pm6, 3
lib/pge2past.tg, 1
src/old/core/traits.pm, 2
src/Perl6/Metamodel/ClassHOW.pm, 4
src/CORE.setting/stubs.pm, 1
src/CORE.setting/Code.pm, 2
t/02-rakudo/05-range-in-range.t, 1
src/Perl6/Ops.nqp, 1
src/core/Grammar.pm, 11
src/core/Mixy.pm, 4
src/core/Env.pm6, 1
src/pmc/perl6array.pmc, 2
src/classes/ContainerDeclarand.pir, 1
src/setting/Any-str.pm, 7
src/old/builtins-old/any-str.pir, 2
src/core/Rakudo/Sorting.pm6, 2
src/core/Exceptions.pm, 4
src/CORE.setting/operators.pm, 4
src/core/Main.pm, 22
src/core/Main.pm6, 1
src/core/Routine.pm6, 1
src/metamodel/ParrotBacked.pir, 1
src/core/IO/ArgFiles.pm, 15
src/Perl6/Metamodel/ConcreteRoleHOW.nqp, 2
tools/install-dist.pl, 3
src/core/Temporal.pm, 23
docs/announce/2009-03, 1
src/core/Any-num.pm, 4
src/core/CompUnit/PrecompilationStore/File.pm, 7
docs/announce/2010.07, 4
src/CORE.setting/IO.pm, 3
INSTALL, 1
t/02-rakudo/08-repeat.t, 1
src/core/Real.pm, 16
src/builtins-old/named-unary.pir, 1
src/core/RangeIter.pm, 5
docs/announce/2017.04.3.md, 2
t/08-moar/UnipropCheck.pm6, 1
src/core/CompUnit/Repository/Spec.pm, 1
src/core/Compiler.pm6, 2
t/01-sanity/05-sub.t, 3
, 269
t/04-nativecall/22-method.t, 1
src/setting/Any-list.pm, 6
src/glue/regex.pir, 1
src/metamodel/RoleHOW.pir, 2
src/core/Scalar.pm, 7
src/core/Rakudo/Internals/HyperPipeline.pm6, 2
tools/build/jvm_core_sources, 6
src/cheats/postcircumfix-array.pir, 3
src/old/cheats/eval.pm, 2
src/core/Encoding/Decoder.pm6, 1
perl6_s1.pir, 1
src/Perl6/Metamodel/REPRComposeProtocol.nqp, 4
src/core/CompUnit/Repository/Installable.pm6, 1
src/core/set_operators.pm6, 1
src/core/IO/Symlink.pm, 1
docs/announce/2009-12, 4
src/core/IO/FileTestable.pm, 1
src/vm/jvm/runtime/org/perl6/rakudo/Ops.java, 2
src/binder/exceptions.h, 1
src/core/VM.pm6, 1
src/core/IO/Spec/Cygwin.pm, 7
src/Perl6/Metamodel/RoleContainer.nqp, 2
t/01-sanity/06-op-inplace.t, 3
t/01-sanity/10-regex.t, 3
src/old/parrot/signature.pir, 2
src/old/builtins-old/globals.pir, 2
src/CORE.setting/Real.pm, 1
t/pod/04-code.t, 1
src/core/Rakudo/Internals/HyperWorkStage.pm, 2
src/core/precedence.pm6, 1
src/core/set_union.pm6, 1
src/vm/jvm/core/Lock.pm, 2
docs/announce/2016.08.md, 1
tools/CREDITS.p6, 1
src/vm/jvm/Perl6/Ops.nqp, 6
src/core/Shaped1Array.pm6, 1
src/parser/methods.pir, 4
src/builtins/io.pir, 15
t/3rdparty/Unicode/LICENSE, 1
src/core/CompUnit/PrecompilationUnit.pm, 4
src/core/Stringy.pm6, 2
src/Perl6/Metamodel/Trusting.pm, 1
src/old/glue/enum.pm, 2
tools/build/gen-version.pl, 8
src/builtins/system.pir, 3
src/old/builtins-old/any-list.pir, 2
src/old/core/Any.pm, 2
t/00-parrot/07-op-string.t, 4
t/01-sanity/07-split.t, 4
src/old/core/Instant.pm, 2
src/old/core/Hash.pm, 2
src/old/builtins/Pair.pir, 2
src/old/builtins/Num.pir, 2
src/Perl6/Compiler.nqp, 26
src/old/classes/Module.pir, 2
docs/architecture.svg, 3
src/vm/jvm/CompUnit/Repository/Java.pm6, 1
src/utils/perl6doc.pir, 7
src/Perl6/Metamodel/MethodDelegation.nqp, 2
src/core/Env.pm, 3
t/spectest.data.6.c, 3
src/old/glue/enum.pir, 2
src/core/Channel.pm6, 2
README.md, 18
t/01-sanity/08-simple-multisubs.t, 1
src/Perl6/Metamodel/GrammarHOW.pm, 1
src/Perl6/Metamodel/MultiMethodContainer.nqp, 2
t/02-test-pm/1-basic.t, 4
tools/build/makeUNIPROP.pl6, 2
src/Perl6/Metamodel/Mixins.nqp, 4
tools/build/Makefile-common-macros.in, 6
t/01-sanity/03-equal.t, 3
src/parrot/state.pir, 2
src/Perl6/Metamodel/RoleToClassApplier.nqp, 4
src/core/Attribute.pm6, 3
src/core/array_slice.pm6, 3
CURLI, 1
src/grammar_optok.pg, 2
src/builtins/assign.pir, 15
tools/build/missing-commits.pl6, 1
t/08-moar/Line_Break:LineBreak.t, 1
docs/announce/2009-02, 2
src/core/Variable.pm6, 2
t/01-sanity/08-var-array.t, 4
t/00-parrot/01-literals.t, 4
src/core/Shaped1Array.pm, 1
src/builtins/junctiontypes.pir, 1
src/setting/NYI.pm, 3
src/old/setting/IO/Socket.pm, 2
src/old/classes/Order.pir, 2
src/cheats/object.pir, 3
src/Perl6/Metamodel/RoleToRoleApplier.nqp, 3
src/Perl6/Actions.nqp, 40
src/core/CurrentThreadScheduler.pm6, 1
src/core/CompUnitRepo/Distribution.pm, 1
src/classes/Sub.pir, 3
docs/announce/2011.02, 2
src/Perl6/Metamodel/DefaultParent.pm, 1
src/old/core/Buf.pm, 2
docs/announce/2017.02.md, 2
t/01-sanity/07-op-string.t, 3
t/spectest_regression.data, 5
src/CORE.setting/Int.pm, 2
src/core/Whatever.pm, 6
.gitignore, 20
src/core/Rakudo/QuantHash.pm6, 1
docs/announce/2014.07.md, 1
src/Perl6/Metamodel/ContainerDescriptor.nqp, 3
t/02-rakudo/07-io-cathandle.t, 1
src/cheats/mathops.pir, 1
t/pmc/perl6multisub-tiebreak.t, 3
src/core/Exception.pm, 43
src/old/classes/ContainerDeclarand.pir, 2
src/old/builtins/Submethod.pir, 1
.github/ISSUE_TEMPLATE.md, 2
src/classes/Submethod.pir, 1
tools/commit-stats.pl, 2
src/old/glue/handles.pm, 2
src/core/set_intersection.pm6, 1
src/core-nom/Mu.pm, 1
src/vm/jvm/core/Publisher.pm, 2
src/Perl6/ModuleLoader.pm, 6
src/Perl6/Metamodel/NonGeneric.pm, 1
docs/announce/2017.04.2.md, 1
src/Perl6/Metamodel/BOOTSTRAP.nqp, 21
src/builtins/Grammar.pir, 3
docs/announce/2010.09, 1
src/Perl6/Metamodel/CoercionHOW.nqp, 2
src/Perl6/ConstantFolder.nqp, 2
src/core/Shaped3Array.pm6, 1
src/old/cheats/autoincrement.pir, 2
t/04-nativecall/16-rt125408.t, 5
t/00-parrot/05-var.t, 3
src/old/parser/grammar-oper.pg, 2
src/core/CompUnit/DependencySpecification.pm6, 1
src/core/set_difference.pm6, 2
src/core/IO/Special.pm6, 1
src/old/setting/Block.pm, 2
t/06-telemetry/04-threadpool.t, 1
src/core/hash_slice.pm6, 3
tools/build/makeMAGIC_INC_DEC.pl6, 2
lib/CompUnit/Repository/Staging.pm, 2
src/core/Backtrace.pm, 15
src/Perl6/Metamodel/GenericHOW.pm, 3
t/01-sanity/07-simple-multisubs.t, 3
src/old/parrot/misc.pir, 2
build/lib/Rakudo/CompareRevisions.pm, 1
src/classes/Any.pir, 4
tools/benchmark.pl, 1
t/pmc/mutablevar.t, 2
tools/build/makeNATIVE_SHAPED_ARRAY.pl6, 2
src/core/CompUnit/PrecompilationUnit.pm6, 2
t/01-sanity/07-end-blocks.t, 4
src/core/native_array.pm, 10
src/core/Lock.pm6, 2
src/classes/Positional.pir, 4
src/old/builtins/Multi.pir, 1
src/CORE.setting/ListIter.pm, 1
src/Perl6/SymbolTable.pm, 5
src/Perl6/Metamodel/BaseType.pm, 2
src/binder/bind.h, 4
src/old/classes/IO.pir, 2
docs/announce/2018.01.md, 1
src/core/signals.pm, 4
src/parser/grammar-oper.pg, 7
src/builtins-old/guts.pir, 1
src/old/classes/Routine.pir, 2
build/README-parrot-revision, 2
t/01-sanity/15-sub.t, 2
src/classes/Whatever.pir, 3
t/02-rakudo/06-is.t, 1
docs/announce/2013.05.md, 1
src/binder/multidispatch.h, 1
src/parrot/Protoobject.pir, 4
t/01-sanity/07-ref.t, 5
src/builtins/metaops.pir, 1
src/old/core/Bool.pm, 2
src/core/Rakudo/Metaops.pm, 1
t/packages/Test/Helpers.pm6, 3
src/core/Rakudo/Iterator.pm6, 5
src/Perl6/Metamodel/ParametricRoleGroupHOW.pm, 4
src/old/builtins/EMPTY.pir, 2
src/core/Iterator.pm6, 2
src/old/cheats/num.pm, 2
src/core/Rakudo/Internals/HyperToIterator.pm, 2
docs/announce/2009-05, 2
src/classes/Failure.pir, 7
src/old/core/Mu.pm, 2
src/core/CompUnit/Repository/Unknown.pm6, 1
src/core/List.pm6, 6
src/vm/jvm/core/KeyReducer.pm, 1
dynext/IGNORE, 1
src/Perl6/Grammar.pm, 24
src/Perl6/Metamodel/RoleToRoleApplier.pm, 3
src/core/Int.pm, 22
src/main.nqp, 8
src/old/setting/Range.pm, 2
src/glue/role.pir, 2
src/ops/perl6.ops, 23
src/binder/bind.c, 12
src/classes/Block.pir, 1
src/setting/Junction.pm, 2
src/pmc/p6lowlevelsig.pmc, 4
src/old/cheats/any-map.pir, 2
docs/announce/2017.10.md, 1
src/core/IO/Socket/Async.pm, 10
src/core/Cancellation.pm6, 1
docs/announce/2015.06.md, 1
src/setting/IO/Socket/INET.pm, 3
src/builtins/Cool.pir, 1
docs/announce/2010.10, 1
docs/announce/2011.04, 1
src/core/REPL.pm6, 2
src/core/stubs.pm6, 2
t/01-sanity/17-isa.t, 2
t/02-test-pm/5-todo.t, 3
src/old/builtins/Array.pir, 2
src/core/Dateish.pm, 2
src/core/Rakudo/Internals/HyperWorkBatch.pm, 2
src/core/ShapedArray.pm, 3
src/core/set_multiply.pm, 3
src/core/JVM/KeyReducer.pm6, 1
src/Perl6/Metamodel/BoolificationProtocol.pm, 3
src/core/metaops.pm, 24
src/core/CompUnit/Repository/NQP.pm6, 2
src/vm/parrot/guts/exceptions.c, 2
src/old/builtins/Failure.pir, 2
src/core/core_prologue.pm, 7
src/old/builtins/GatherIter.pir, 2
t/pod/why.t, 1
src/pmc/perl6lexpad.pmc, 3
src/core/CompUnit/Repository/FileSystem.pm, 12
src/core/IO/Spec/QNX.pm6, 1
t/02-test-pm/use_ok_test.pm, 3
src/classes/Exception.pir, 5
src/core/Signature.pm, 17
src/Perl6/Metamodel/MROBasedTypeChecking.pm, 3
src/builtins/cmp.pir, 10
src/classes/Mapping.pir, 9
src/pmc/.gitignore, 3
docs/val.pod6, 1
src/cheats/want-caller-side-callsig.pir, 1
src/old/metamodel/RoleToRoleApplier.nqp, 2
docs/announce/2012.09.1, 1
docs/announce/2018.03.md, 1
src/core/IO/Handle.pm6, 4
src/core/vm.pm6, 1
src/pmc/mdthunk.pmc, 2
src/cheats/parrot-role-quirks.pir, 1
src/old/builtins/Enum.pir, 2
src/old/builtins/Capture.pir, 2
src/core/Atomic.pm, 1
src/core/Baggy.pm, 12
src/core/Mu.pm6, 3
src/core/CompUnit/Repository.pm, 2
docs/announce/2015.03.md, 2
src/PAST.pir, 2
src/old/setting/NYI.pm, 2
src/old/builtins/ParrotIter.pir, 2
src/core/multidim_slice.pm, 2
src/core/CompUnitRepo/Local/File.pm, 3
src/old/builtins-old/guts.pir, 3
src/core/CompUnitRepo/Local/Installation.pm, 8
src/vm/parrot/ops/perl6.ops, 6
src/cheats/fail.pir, 2
src/old/builtins/Routine.pir, 2
lib/Pod/To/Text.pm6, 10
docs/announce/2018.02.md, 1
src/setting/Match.pm, 4
src/CORE.setting/Block.pm, 1
src/builtins/Method.pir, 1
src/core/ListIter.pm, 8
docs/announce/2015.07.md, 3
src/glue/subset.pm, 1
src/CORE.setting/Mu.pm, 2
t/04-nativecall/01-argless.t, 3
src/classes/Method.pir, 1
src/core/Regex.pm6, 2
tools/create-release-announcement.p6, 1
src/core/WhateverCode.pm6, 1
src/vm/moar/ops/container.c, 8
src/builtins/hash.pir, 7
src/builtins/math.pir, 16
src/builtins/Num.pir, 5
t/04-nativecall/00-misc.c, 1
src/core/KeySet.pm, 2
src/old/builtins-old/assign.pir, 2
Pod/To/Text.pm, 1
src/core/EXPORTHOW.pm, 4
src/old/classes/Regex.pir, 2
src/old/core/Num.pm, 2
lib/pge2past.tge, 2
src/cheats/print.pir, 1
build/gen_core_pm.pl, 2
src/old/glue/regex.pir, 2
src/core/Rakudo/Internals/HyperPipeline.pm, 2
src/core/CompUnit/Repository/Locally.pm6, 1
docs/announce/2013.12.md, 1
src/old/setting/Code.pm, 2
src/old/builtins/Regex.pir, 2
src/old/builtins/ContainerDeclarand.pir, 2
src/core/CurrentThreadScheduler.pm, 2
tools/contributors.p6, 1
tools/build/Makefile-JVM.in, 29
src/core/allomorphs.pm, 8
t/04-nativecall/02-simple-args.c, 5
src/Perl6/Metamodel/NativeHOW.pm, 4
src/builtins/any-list.pir, 10
src/old/core/MAIN.pm, 2
tools/build/check-versions.pl, 4
lib/grammar_optok.pge, 4
src/builtins-old/control.pir, 1
src/core/Any.pm6, 3
src/core/Str.pm6, 4
src/builtins/IterDone.pir, 2
src/old/cheats/only_infix_redispatcher.pir, 2
tools/autounfudge.pl, 6
t/05-messages/11-overflow.t, 1
src/core/IO/Socket.pm6, 2
docs/announce/2016.06.md, 1
src/Perl6/Metamodel/GrammarHOW.nqp, 1
t/01-sanity/07-binding.t, 3
src/builtins/Role.pir, 4
src/old/core/Abstraction.pm, 2
src/core/Distribution.pm, 7
src/core/IO/Spec/Win32.pm6, 1
src/builtins-old/any-str.pir, 1
src/builtins/GrammarHOW.pir, 1
src/CORE.setting/Hash.pm, 2
src/Perl6/Metamodel/Stashing.pm, 3
src/builtins/range.pir, 4
src/pmc/perl6block.pmc, 2
t/02-rakudo/09-thread-id-after-await.t, 1
src/core/Order.pm, 9
src/vm/moar/ops/perl6_ops.c, 9
t/harness6, 7
t/05-messages/02-errors.t, 5
build/lib/Parrot/CompareRevisions.pm, 3
src/old/cheats/import.pir, 2
t/pmc/perl6multisub-arity.t, 3
t/02-rakudo/02-new-is_approx.t, 4
docs/ROADMAP, 10
docs/announce/2009-11, 4
docs/announce/2010.12, 1
src/old/core/Block.pm, 2
src/old/cheats/trait-export.pm, 2
docs/announce/2012.01, 1
src/core/allomorphs.pm6, 2
src/builtins/num.pir, 1
build/gen_junction_pir.pl, 8
src/old/core/Cool-num.pm, 2
t/pod/06-lists.t, 1
src/core/Instant.pm6, 2
src/core/ThreadPoolScheduler.pm, 7
src/core/IO/Spec/Unix.pm, 10
src/core/Bool.pm6, 2
src/Perl6/Metamodel/MROBasedMethodDispatch.pm, 3
src/core/CompUnit/Repository/Installation.pm6, 2
src/core/Cool-num.pm, 4
src/Perl6/Metamodel/Dispatchers.nqp, 2
t/06-telemetry/03-thread.t, 1
t/04-nativecall/14-rw-attrs.c, 1
src/classes/Hash.pir, 11
src/cheats/autoincrement.pir, 1
src/core/set_precedes.pm, 2
src/cheats/parrot/attriter.pir, 1
src/old/builtins-old/any-num.pir, 2
docs/announce/2011.07, 1
t/pod/09-configuration.t, 1
src/Perl6/Metamodel/InvocationProtocol.nqp, 3
src/core/HyperConfiguration.pm6, 2
src/core/Order.pm6, 3
src/core/Systemic.pm, 4
src/vm/jvm/core/Scheduler.pm, 1
src/builtins-old/io.pir, 1
src/builtins/Object.pir, 2
src/old/classes/Capture.pir, 2
lib/past2pir.tge, 3
src/old/cheats/callmethod.pir, 2
src/core/set_intersection.pm, 3
src/core/ObjAt.pm6, 1
docs/line-editor.pod, 1
MAINTAINER, 2
t/01-sanity/10-say.t, 1
t/01-sanity/98-test-deprecated.t, 1
t/04-nativecall/02-simple-args.t, 7
lib/Telemetry.pm6, 4
src/old/setting/Buf.pm, 2
t/02-rakudo/scoping-regression.t, 1
src/core/Date.pm6, 2
t/01-sanity/11-defined.t, 1
src/old/core/CallFrame.pm, 2
tools/create-release-announcement.pl6, 2
src/Perl6/Metamodel/Documenting.nqp, 3
src/old/setting/Rat.pm, 2
src/old/core/Capture.pm, 2
src/old/builtins/Code.pir, 2
src/past2post.tg, 2
src/builtins/string.pir, 5
src/old/setting/Array.pm, 2
src/old/cheats/parrot/Sub.pir, 2
src/old/builtins/Parcel.pir, 2
src/old/cheats/num-ops.pir, 2
src/core/ThreadPoolScheduler.pm6, 4
t/04-nativecall/13-cpp-mangling.t, 3
src/vm/jvm/core/Supply.pm, 4
src/core/HyperConfiguration.pm, 1
src/core/ObjAt.pm, 4
perl6-orig.pir, 1
src/old/core/Int.pm, 2
src/core/Associative.pm, 4
src/vm/jvm/core/ThreadPoolScheduler.pm, 4
t/02-test-pm/0-compile.t, 3
src/core/Str.pm, 40
src/core/asyncops.pm, 11
src/core/AST.pm6, 1
src/core/atomicops.pm6, 2
src/core/ForeignCode.pm6, 1
src/core/IO/Dup.pm, 1
src/glue/contextuals.pir, 3
src/Perl6/Metamodel/BUILDPLAN.pm, 2
t/08-moar/NAME:UnicodeData.t, 1
tools/build/moar_core_d_sources, 3
src/vm/parrot/ops/.gitignore, 2
src/old/builtins/metaops.pir, 2
t/02-rakudo/01-is_approx.t, 3
lib/snapper.pm6, 1
docs/announce/2016.03.md, 1
t/00-parrot/06-op-inplace.t, 4
src/core/GatherIter.pm, 7
docs/announce/2014.08.md, 1
src/cheats/parrot/Sub.pir, 2
src/old/cheats/misc.txt, 2
tools/test_summary.pl, 9
src/core/Bag.pm, 9
src/builtins/junction.pir, 3
src/classes/RoleHOW.pir, 1
src/builtins/Capture.pir, 2
build/gen_parrot.pl, 7
src/core/Callable.pm6, 1
lib/NativeCall/Compiler/GNU.pm6, 4
src/Perl6/Metamodel/Dispatchers.pm, 2
docs/announce/2015.11.md, 1
src/core/kernel.pm6, 1
build/gen_builtins_pir.pl, 2
src/QPerl6/Ops.pm, 1
docs/announce/2016.05.md, 1
src/builtins/parrot.pir, 4
src/core/Semaphore.pm, 2
src/Perl6/Metamodel/Versioning.nqp, 1
src/cheats/mapiterator.pir, 3
t/02-rakudo/08-inline-native-arith.t, 2
src/vm/jvm/Perl6/JavaModuleLoader.nqp, 3
src/Perl6/Metamodel/Finalization.nqp, 2
src/builtins/ConcreteRole.pir, 2
src/metamodel/RoleToRoleApplier.nqp, 1
docs/announce/2011.10, 2
src/Perl6/Metamodel/RoleToClassApplier.pm, 3
src/core.d/core_prologue.pm, 1
src/core/HyperSeq.pm, 4
t/04-nativecall/13-union.c, 1
t/passing_spec, 3
src/pmc/p6role.pmc, 4
src/metamodel/ClassHOW.pir, 4
src/core/Promise.pm6, 2
docs/glossary.pod, 4
build/gen_mutable_pmc.pl, 3
src/parrot/P6role.pir, 2
src/Perl6/Metamodel/AttributeContainer.pm, 5
src/core/IO/Special.pm, 4
t/01-sanity/20-defined.t, 2
docs/announce/2015.09.md, 2
src/vm/parrot/guts/serialization.h, 2
t/3rdparty/Unicode/10.0.0/LineBreak.txt, 1
src/core/Pod.pm6, 1
src/core/IO/Huh.pm, 1
src/Perl6/Compiler/Package.pm, 2
src/CORE.setting/Iterable.pm, 1
src/old/cheats/object.pir, 2
src/core/CompUnitRepo/Locally.pm, 4
src/old/classes/List.pir, 2
src/core/Cool.pm6, 2
t/pmc/perl6multisub-basic.t, 3
src/builtins/Exception.pir, 3
src/old/builtins/Method.pir, 1
src/CORE.setting/traits.pm, 2
t/06-telemetry/01-basic.t, 3
src/core/IO/CatPath.pm, 1
docs/announce/2013.06.md, 1
src/core/WhateverCode.pm, 5
tools/build/gen-cat.nqp, 6
src/core/Usage.pm, 1
src/core/CompUnit/Repository/Installation.pm, 13
src/core/IO/Dir.pm, 1
PARROT_REVISION, 1
src/core/Junction.pm, 11
t/04-nativecall/CompileTestLib.pm, 3
src/past_perl6.pir, 2
src/builtins-old/globals.pir, 1
src/old/parrot/state.pir, 2
NOMMAP.markdown, 5
src/core/CompUnit/PrecompilationStore.pm, 2
src/core/Attribute.pm, 11
t/01-sanity/05-var.t, 3
src/core/Inc.pm, 6
t/01-sanity/08-test.t, 1
src/setting/Signature.pm, 1
src/core/Encoding/Registry.pm6, 2
tools/perl6-limited.pl, 1
src/Perl6/Module/Loader.pm, 6
src/Perl6/World.nqp, 27
t/09-moar/General_Category;extracted-DerivedGeneralCategory.t, 1
tools/rakudo-swarm.config, 2
docs/announce/2010.03, 3
build/PARROT_REVISION, 14
docs/announce/2016.04.md, 1
gen/jvm/.gitignore, 2
src/Perl6/Pod.pm, 4
src/binder/sixmodelobject.h, 3
docs/announce/2009-06, 1
src/core/Macro.pm6, 1
t/basic.t, 2
src/classes/Range.pir, 9
src/core/operators.pm, 28
src/old/classes/AttributeDeclarand.pir, 2
src/glue/enum.pm, 2
src/vm/jvm/core/IO/Socket.pm, 2
src/setting/Mapping.pm, 2
src/old/classes/Signature.pir, 2
docs/metamodel.pod, 5
docs/announce/2012.03, 2
src/old/core/system.pm, 2
src/old/Compiler.pir, 1
src/Perl6/Metamodel/DefiniteHOW.nqp, 7
src/core/Block.pm6, 2
src/core/Mixy.pm6, 1
src/core/Scheduler.pm6, 1
src/core/StrDistance.pm6, 1
src/core/Systemic.pm6, 1
t/04-nativecall/08-callbacks.t, 3
src/core/CompUnit/DependencySpecification.pm, 4
docs/archive/constants-type-constraints-proposal-2018-02-10.md, 1
docs/announce/2014.04.md, 1
src/parser/regex.pir, 3
src/classes/Callable.pir, 4
src/builtins/Code.pir, 5
t/04-nativecall/01-argless.c, 4
src/core/CompUnit/PrecompilationStore.pm6, 1
tools/build/jvm_core_d_sources, 3
src/core/native-array.pm, 1
src/core/must_be_first.pm, 1
src/cheats/only_infix_redispatcher.pir, 1
src/old/setting/Whatever.pm, 2
src/old/setting/Bool.pm, 2
src/old/cheats/parrot/Protoobject.pir, 2
src/core/NYI.pm, 3
src/Perl6/Metamodel/BoolificationProtocol.nqp, 2
src/core/must_be_last.pm, 1
t/04-nativecall/17-libnames.t, 4
t/04-nativecall/11-cpp.cpp, 1
src/cheats/num.pm, 2
src/core/set_difference.pm, 3
lib/grammar_rules.pg, 1
src/builtins/traits.pir, 5
src/old/core/WhateverCode.pm, 2
docs/archive/2018-03-04--Polishing-Rationals.md, 1
src/core/TypedArray.pm6, 2
docs/announce/2014.06.md, 1
src/perl6-debug.nqp, 8
tools/build/makeSLICE.pl6, 4
src/core/Rakudo/QuantHash.pm, 1
build/gen_version.pl, 1
src/old/core/Parameter.pm, 2
src/core/Collation.pm6, 1
src/builtins/eval.pir, 6
src/core/Callable.pm, 4
src/core/JVM/IOAsyncFile.pm, 2
src/core/Pod.pm, 6
src/Perl6/ConstantFolder.pm, 3
src/old/core/Junction.pm, 2
lib/POST.pir, 2
t/01-sanity/01-tap.t, 4
docs/spectest-progress.csv, 2
src/old/builtins/Cursor.pir, 2
src/Perl6/Metamodel/PackageHOW.nqp, 3
CREDITS, 50
src/parser/signature.pm, 2
src/old/classes/Pair.pir, 2
Perl6/README, 2
docs/announce/2011.11, 2
t/07-telemetry/01-basic.t, 1
tools/build/common_bootstrap_sources, 3
src/core/CompUnit/Repository/Unknown.pm, 2
src/core/Metamodel/Primitives.pm6, 1
src/vm/jvm/core/Promise.pm, 2
src/grammar_sub.pg, 1
src/old/glue/contextuals.pir, 2
src/core/Failure.pm, 16
src/core/WHY.pm, 1
src/old/classes/Whatever.pir, 2
build/gen_whatever_pir.pl, 5
t/pod/07-tables.t, 1
src/QPerl6/Pod.pm, 1
src/core/Channel.pm, 4
src/core/Seq.pm, 13
src/core/Enumeration.pm6, 1
src/cheats/parrot/signature.pir, 1
src/old/glue/phasers.pir, 2
src/old/builtins/Role.pir, 2
lib/experimental.pm6, 3
src/pctextensions/state.pir, 1
src/CORE.setting/Exceptions.pm, 2
t/08-moar/General_Category:UnicodeData:2.t, 1
src/core/IOU.pm, 1
src/setting/Bool.pm, 2
src/core/set_symmetric_difference.pm, 2
src/core/Sub.pm, 3
t/04-nativecall/03-simple-returns.t, 3
src/setting/Any.pm, 1
build/gen_objectref_pmc.pl, 3
src/core/CompUnit/Repository/Installable.pm, 4
src/core/set_addition.pm, 3
src/cheats/setup-io.pm, 4
src/CORE.setting/Numeric.pm, 1
lib/grammar.pge, 1
src/old/builtins/List.pir, 2
src/core/JSON/Pretty.pm, 6
docs/announce/2016.12.md, 3
t/04-nativecall/15-rw-args.t, 4
src/CORE.setting/Attribute.pm, 1
docs/announce/2013.11.md, 2
t/packages/Test/Helpers/QAST.pm6, 1
src/Perl6/Compiler/Module.pm, 2
src/core/Parameter.pm, 20
src/setting/Attribute.pm, 1
tools/build/Makefile-common-rules.in, 5
src/core/Object.pm, 1
src/vm/jvm/CompUnit/Repository/Java.pm, 2
docs/windows.md, 1
src/binder/container.c, 5
src/builtins/EMPTY.pir, 2
src/classes/Undef.pir, 4
t/3rdparty/Unicode/10.0.0/UnicodeData.txt, 1
src/vm/moar/Perl6/Ops.nqp, 10
src/classes/Bool.pir, 5
src/classes/Associative.pir, 3
src/old/core/Positional.pm, 2
src/core/CompUnit/Repository/Spec.pm6, 1
src/core/RangeIterator.pm, 3
src/Perl6/Metamodel/StaticLexPad.nqp, 1
src/builtins/op.pir, 11
src/setting/IO/Socket.pm, 3
src/classes/Object.pir, 13
src/setting/Int.pm, 3
src/vm/moar/ModuleLoaderVMConfig.nqp, 5
appveyor.yml, 6
src/core/Regex.pm, 11
lib/parse.pir, 3
src/builtins/Positional.pir, 3
t/06-tap-harness/01-desc-backslashes.t, 2
src/core/IO/ArgFiles.pm6, 1
t/04-nativecall/09-nativecast.t, 2
src/core/IO/Locally.pm, 1
blib/QPerl6/.gitignore, 1
src/old/core/operators.pm, 2
docs/compiler_overview.pod, 10
t/01-sanity/54-use-lib.t, 2
docs/announce/2011.09, 3
src/core/you_are_here.pm, 2
src/core/CompUnit/Repository/Perl5.pm, 2
src/core/Metamodel/Primitives.pm, 3
src/core/Complex.pm6, 3
perl6.pir, 17
src/core/Encoding/Encoder/TranslateNewlineWrapper.pm, 3
src/core/Cursor.pm6, 1
t/01-sanity/07-tailcall.t, 2
docs/STATUS, 4
src/core/Any-str.pm, 8
src/s1_setting.pir, 1
docs/announce/2012.09, 1
docs/announce/2015.08.md, 3
src/builtins-old/system.pir, 1
src/core/set_operators.pm, 8
src/core/CallFrame.pm, 7
src/cheats/parrot/misc.pir, 1
src/builtins/RoleHOW.pir, 1
src/old/builtins-old/eval.pir, 2
src/core/set_subset.pm, 2
src/core/CompUnit/Repository/Staging.pm, 1
src/old/parser/quote_expression.pir, 2
src/core/Mix.pm, 5
src/core-nom/Any.pm, 1
docs/announce/2011.12, 2
tools/build/check-nqp-version.pl, 1
t/01-sanity/11-tap.t, 2
docs/announce/2015.04.md, 2
build/rakudo.spec, 1
src/Perl6/Metamodel/ParametricRoleHOW.nqp, 5
lib/TAP.pm, 1
src/cheats/trait-export.pm, 2
src/old/classes/Object.pir, 2
src/old/classes/Exception.pir, 2
src/old/classes/Array.pir, 2
docs/announce/2016.09.md, 1
src/parrot/ClassHOW.pir, 3
src/builtins/Any.pir, 2
src/core/Set.pm6, 1
src/core/Shaped2Array.pm6, 1
src/core/Range.pm, 23
src/Perl6/Metamodel/Stashing.nqp, 1
src/builtins/Mu.pir, 8
src/Perl6/Metamodel/Documenting.pm, 1
t/04-nativecall/15-rw-args.c, 2
src/old/parser/expression.pir, 2
src/old/core/IO/ArgFiles.pm, 2
src/old/builtins/assign.pir, 2
src/core/Backtrace.pm6, 1
src/past2pir.tg, 1
src/core/distro.pm, 1
src/pmc/perl6hash.pmc, 3
src/old/classes/Multi.pir, 2
src/old/classes/Abstraction.pir, 2
src/Perl6/Module/VersionDetectionActions.pm, 1
src/core/IO/Spec/QNX.pm, 3
src/old/core/EnumMap.pm, 3
src/core/IO/Socket.pm, 15
src/core/IO/Notification.pm, 5
src/core/IO.pm6, 1
src/old/core/Duration.pm, 2
src/core/Encoding/Encoder.pm6, 1
src/core/QuantHash.pm6, 1
tools/create-release-announcement.pl, 4
src/POST.pir, 2
src/quote.pir, 1
docs/announce/2009-04, 1
src/core/JVM/KeyReducer.pm, 2
docs/announce/2016.02.md, 2
src/setting/Complex.pm, 5
src/setting/Any-num.pm, 8
docs/announce/2014.09.md, 1
tools/util/perlcritic.conf, 1
src/cheats/process.pm, 3
src/old/core/Numeric.pm, 2
src/binder/serialization.h, 1
docs/announce/2012.10, 1
INSTALL.txt, 11
t/04-nativecall/21-callback-other-thread.t, 1
t/06-tap-harness/02-skip-all.t, 2
docs/announce/2013.02, 3
src/pmc/mutable.pmc.template, 1
src/core/Bool.pm, 16
src/core/Kernel.pm6, 2
docs/announce/2012.06, 3
t/04-nativecall/18-routine-sig-sanity.t, 3
src/pmc/perl6method.pmc, 2
src/builtins/GatherIter.pir, 1
src/builtins/Callable.pir, 2
src/vm/parrot/pmc/perl6lexpad.pmc, 1
t/04-nativecall/12-sizeof.t, 3
tools/update-passing-test-data.pl, 1
src/vm/jvm/core/Channel.pm, 3
src/old/builtins/Mu.pir, 2
src/Perl6/Metamodel/PrivateMethodContainer.pm, 3
docs/review-notes.txt, 1
src/qmain.nqp, 1
t/04-nativecall/11-cpp.t, 2
src/Perl6/Ops.pm, 2
src/PAST/Perl6.pir, 3
src/old/cheats/parrot/register.pir, 2
src/core/Sequence.pm6, 2
src/old/cheats/process.pm, 2
t/09-moar/NAME;UnicodeData.t, 1
src/builtins/Routine.pir, 2
docs/announce/2011.01, 1
src/old/core/Regex.pm, 2
t/09-moar/00-misc.t, 1
docs/announce/2011.03, 1
src/core/Sequence.pm, 3
docs/S11-Modules-proposal.pod, 5
src/core/Rakudo/Internals/HyperRangeBatcher.pm6, 1
t/09-moar/UnipropCheck.pm6, 1
src/Perl6/Metamodel/ConcreteRoleHOW.pm, 2
src/cheats/relops.pir, 5
src/core/Encoding/Builtin.pm, 2
src/Perl6/Metamodel/SubsetHOW.nqp, 5
src/vm/jvm/Perl6/Metamodel/JavaHOW.nqp, 2
src/core/Macro.pm, 2
src/core/MAIN.pm, 4
src/Perl6/Metamodel/MROBasedTypeChecking.nqp, 2
src/vm/jvm/runtime/org/perl6/rakudo/RakOps.java, 12
src/classes/Grammar.pir, 3
src/core/Rakudo/Internals/VMBackedDecoder.pm, 4
src/core/control.pm6, 3
src/old/core/Any-list.pm, 3
src/core/Match.pm6, 3
docs/announce/2018.05.md, 1
src/old/cheats/fail.pir, 2
src/core/Complex.pm, 18
src/core/CompUnit/Repository/Locally.pm, 7
src/core/CompUnit/Loader.pm, 4
src/cli.pir, 1
src/parrot/misc.pir, 4
src/core/SLICE.pm, 4
src/core/Baggy.pm6, 2
src/core/OS.pm, 5
t/02-rakudo/10-nqp-ops.t, 1
src/core/Label.pm6, 1
src/core/SetHash.pm6, 1
t/05-messages/moar/01-errors.t, 1
src/old/cheats/want-caller-side-callsig.pir, 2
src/core/Abstraction.pm, 1
lib/NativeCall.pm6, 15
src/core/IO/Spec.pm6, 1
docs/announce/2016.11.md, 1
t/01-sanity/04-op-cmp.t, 3
src/vm/jvm/runtime/org/perl6/rakudo/RakudoContainerConfigurer.java, 2
src/core/DateTime.pm6, 2
src/core/VM.pm, 9
t/harness, 20
t/pmc/perl6multisub-dispatch-tiebreak.t, 1
t/01-sanity/09-types.t, 2
docs/announce/2010.02, 3
src/Perl6/Metamodel/EXPORTHOW.nqp, 2
tools/build/gen-cat.pl, 4
src/builtins/ListIter.pir, 1
ConfigureJVM.pl, 5
src/pmc/sigguts.h, 1
src/old/core/Rat.pm, 2
src/SAFE.setting, 4
src/core/Capture.pm6, 2
src/parser/grammar_rules.pg, 4
src/glue/run.pir, 6
t/04-nativecall/21-callback-other-thread.c, 1
src/old/glue/subset.pm, 2
src/old/glue/run.pir, 2
src/Perl6/Metamodel/ParametricRoleHOW.pm, 5
t/01-sanity/06-eqv.t, 1
src/old/setting/traits.pm, 2
src/old/classes/Match.pir, 2
src/core/Exception.pm6, 7
t/10-qast/00-misc.t, 1
docs/announce/2013.07.md, 2
src/classes/Enum.pir, 1
src/core/Deprecations.pm6, 2
docs/announce/2014.05.md, 1
src/builtins/ParrotIter.pir, 3
src/core/set_union.pm, 3
src/builtins-old/eval.pir, 1
src/core/Rat.pm, 14
src/builtins/enums.pir, 4
t/01-sanity/06-use.t, 3
src/CORE.setting/BOOTSTRAP.pm, 1
build/gen_uprop_pir.pl, 2
src/Perl6/Metamodel/Naming.pm, 1
src/core/Collation.pm, 2
src/core/traits.pm, 17
src/vm/parrot/pmc/.gitignore, 1
src/pge2past.tg, 3
t/02-test-pm/3-script.pl, 3
src/builtins/any-str.pir, 10
src/CORE.setting/List.pm, 1
src/core/Argfiles.pm, 2
src/old/builtins-old/control.pir, 3
src/core/IO/Notification.pm6, 1
t/09-moar/Line_Break;LineBreak.t, 1
t/01-sanity/22-KEY.t, 2
src/old/metamodel/Attribute.nqp, 2
src/old/builtins/Iterable.pir, 2
src/core/Slip.pm, 5
docs/architecture.html, 4
src/classes/AttributeDeclarand.pir, 1
src/core/SupplyOperations.pm, 5
src/builtins-old/op.pir, 1
src/old/classes/Code.pir, 2
src/core/Rakudo/Internals/HyperWorkBatch.pm6, 2
src/core/Rakudo/Internals/HyperWorkStage.pm6, 2
src/vm/jvm/core/IOAsyncFile.pm, 3
src/perl6.p6, 2
t/04-nativecall/10-cglobals.t, 2
src/CORE.setting/EnumMap.pm, 1
src/vm/jvm/ModuleLoaderVMConfig.nqp, 5
src/core/Positional.pm6, 1
src/core/Semaphore.pm6, 1
docs/announce/2014.11.md, 1
t/00-parrot/05-var-array.t, 4
src/old/core/Enum.pm, 2
src/old/core/Cool-str.pm, 2
t/02-rakudo/02-new-is-approx.t, 1
docs/announce/2017.11.md, 1
src/core/Slip.pm6, 3
src/core/IO/CatHandle.pm6, 1
src/cheats/import.pir, 1
src/builtins/Submethod.pir, 1
src/old/core/Temporal.pm, 2
src/core/set_multiply.pm6, 1
src/Perl6/Actions.pm, 27
t/01-sanity/08-say.t, 2
src/setting/Num.pm, 6
src/metamodel/RoleToClassApplier.nqp, 1
src/old/setting/List.pm, 2
src/Perl6/Metamodel/StaticLexPad.pm, 1
src/core/Buf.pm6, 4
docs/parrot-relationship.txt, 2
src/Perl6/Metamodel/REPRAttributeProtocol.nqp, 1
src/CORE.setting/Routine.pm, 1
src/core/Encoding/Decoder/Builtin.pm, 2
src/core/Perl.pm6, 2
t/01-sanity/16-eqv.t, 2
src/Perl6/Metamodel/ModuleHOW.pm, 5
src/Perl6/Metamodel/RoleContainer.pm, 1
src/core/IO/Path.pm6, 3
src/core/set_elem.pm, 2
tools/CREDITS.pl6, 1
lib/NativeCall/Compiler/MSVC.pm, 1
docs/announce/2014.01.md, 2
t/02-test-pm/4-version_lt.t, 3
src/builtins/Proxy.pir, 3
src/core/Distro.pm6, 1
src/vm/jvm/CompUnit/Repository/JavaRuntime.pm6, 1
src/core/io_operators.pm, 14
src/pmc/perl6bool.pmc, 8
src/classes/Multi.pir, 3
src/builtins/MapIter.pir, 1
src/Perl6/Metamodel/C3MRO.nqp, 3
src/core/Rakudo/Internals/HyperRaceSharedImpl.pm6, 3
src/vm/jvm/runtime/org/perl6/rakudo/Binder.java, 12
src/core/Supply.pm6, 2
src/builtins/Cursor.pir, 2
src/old/cheats/parrot-role-quirks.pir, 2
src/old/builtins/Str.pir, 2
src/core/UInt64.pm, 4
src/core/IO/Pipe.pm6, 1
src/Perl6/Metamodel/PrivateMethodContainer.nqp, 2
docs/archive/2017-IO-Grant--Action-Plan.md, 1
src/core/Perl.pm, 9
src/core/set_proper_subset.pm6, 2
tools/build/upgrade-repository.pl, 1
src/core/LoL.pm, 8
src/vm/jvm/runtime/org/perl6/rakudo/RakudoEvalServer.java, 1
t/00-parrot/02-op-math.t, 3
t/02-rakudo/test-packages/CustomOps.pm6, 1
docs/announce/2009-10, 3
src/builtins/Junction.pir, 4
src/CORE.setting/Cool.pm, 2
src/old/builtins/Positional.pir, 2
docs/announce/2012.02, 1
t/04-nativecall/09-nativecast.c, 1
docs/deprecations, 5
src/core/Positional.pm, 3
src/Perl6/Metamodel/MethodContainer.pm, 3
src/classes/Iterator.pir, 2
src/classes/Junction.pir, 10
src/CORE.setting/Seq.pm, 1
src/old/metamodel/RoleToClassApplier.nqp, 2
VERSION, 17
src/core/Duration.pm6, 1
src/vm/jvm/core/CurrentThreadScheduler.pm, 1
t/01-sanity/02-counter.t, 3
src/old/setting/Any-list.pm, 2
src/old/classes/Hash.pir, 2
src/Perl6/Metamodel/Archetypes.nqp, 3
t/01-sanity/02-op-math.t, 3
src/old/setting/Attribute.pm, 2
src/core/Encoding/Registry.pm, 3
t/01-sanity/21-try.t, 2
src/core/Cancellation.pm, 2
src/setting/Rat.pm, 6
src/Perl6/Metamodel/ModuleHOW.nqp, 2
src/Perl6/DebugPod.nqp, 2
src/core/Thread.pm6, 1
docs/obtaining-a-commit-bit.pod, 5
config/makefiles/root.in, 14
src/utils/perl6doc/actions.pm, 3
src/core/IterationBuffer.pm6, 2
src/core/Substitution.pm, 2
src/old/core/YOU_ARE_HERE.pm, 2
src/QPerl6/Optimizer.pm, 1
src/core/Buf.pm, 23
src/old/core/Iterator.pm, 2
t/01-sanity/55-use-trace.t, 4
src/core/PseudoStash.pm6, 1
src/cheats/parrot/state.pir, 1
docs/announce/2012.11, 1
t/04-nativecall/00-misc.t, 1
src/vm/parrot/guts/container.h, 3
src/old/builtins/Int.pir, 2
docs/announce/2017.05.md, 1
src/core/set_proper_subset.pm, 2
src/parser/quote.pir, 3
src/QPerl6/ConstantFolder.pm, 1
src/core/signals.pm6, 3
src/core/Hash.pm, 24
src/core/Any2.pm, 1
src/main.pir, 2
src/old/builtins-old/system.pir, 2
src/old/cheats/parrot/P6role.pir, 2
src/core.d/core_prologue.pm6, 1
src/builtins/Bool.pir, 3
docs/announce/2014.03.md, 1
src/builtins/Signature.pir, 6
src/core/Method.pm6, 1
src/core/kernel.pm, 1
docs/custom_packages.pod, 1
src/core/CompUnit/Repository/AbsolutePath.pm, 2
src/old/setting/Complex.pm, 2
src/core/Parcel.pm, 15
src/Perl6/Metamodel/MetaMethodContainer.nqp, 1
tools/build/Makefile.in, 10
src/pmc/scalar.pmc, 1
src/builtins/List.pir, 5
src/glue/types.pir, 3
src/old/builtins/Exception.pir, 2
src/Perl6/Grammar.nqp, 39
tools/available-pm-names.p6, 1
tools/distro/rakudo.spec, 2
src/builtins/any-num.pir, 7
src/old/setting/IO.pm, 2
src/pmc/p6opaque.pmc, 9
src/core/LazyScalar.pm, 1
tools/build/makeNATIVE_ARRAY.pl6, 3
docs/announce/2016.07.1.md, 1
src/cheats/num-ops.pir, 3
src/core/IO/Spec/Win32.pm, 6
src/core/Distribution.pm6, 3
Configure.pl, 49
src/vm/jvm/core/Thread.pm, 2
src/old/builtins-old/cmp.pir, 2
src/Perl6/Metamodel/ParrotInterop.nqp, 2
src/core/core_epilogue.pm6, 1
docs/announce/2018.02.1.md, 1
src/builtins/Iterable.pir, 2
src/Perl6/ModuleLoader.nqp, 12
src/core/Iterable.pm6, 2
src/Perl6/World.pm, 9
src/PAST/Grammar.tg, 4
src/cheats/parrot/Protoobject.pir, 2
t/fudgeandrun, 5
lib/Test.pm, 20
docs/announce/2010-01, 2
src/old/classes/WhateverCode.pir, 2
t/00-parrot/03-op-logic.t, 6
lib/lib.pm, 1
src/core/IO/Handle.pm, 18
src/pr_macros.pir, 2
docs/announce/2012.07, 2
src/Perl6/Metamodel/Trusting.nqp, 2
tools/bisect-parrot.pl, 1
src/builtins/list.pir, 7
src/classes/Capture.pir, 6
src/glue/enum.pir, 2
src/old/glue/role.pir, 2
tools/build/install-core-dist.pl, 9
src/core/array_operators.pm, 2
t/02-rakudo/dump.t, 3
src/core/Seq.pm6, 2
src/Perl6/Metamodel/CurriedRoleHOW.nqp, 5
src/core/native_array.pm6, 2
src/vm/jvm/core/asyncops.pm, 3
tools/build-localtest.pl, 1
docs/announce/2012.04, 3
src/Perl6/Metamodel/MethodDelegation.pm, 3
t/02-rakudo/08-slangs.t, 1
src/core/Numeric.pm6, 4
docs/announce/2016.10.md, 1
src/vm/parrot/guts/exceptions.h, 2
src/old/core/Stringy.pm, 2
docs/announce/2013.08.md, 3
src/classes/Order.pir, 3
src/builtins/ClassHOW.pir, 1
src/core/PIO.pm, 1
src/cheats/misc.txt, 1
src/core/Encoding.pm, 3
src/core/metaops.pm6, 2
src/core/Encoding/Encoder/TranslateNewlineWrapper.pm6, 1
t/02-rakudo/03-cmp-ok.t, 1
t/fetchspec, 4
src/pmc/perl6lexinfo.pmc, 2
src/core/Rakudo/Sorting.pm, 2
src/old/parser/grammar.pg, 2
src/Perl6/Metamodel/TypePretense.pm, 1
src/binder/types.c, 3
src/core/Capture.pm, 17
docs/announce/2017.06.md, 1
src/core/TypedArray.pm, 3
src/Perl6/Metamodel/Versioning.pm, 1
src/Perl6/Metamodel/C3MRO.pm, 4
src/old/core/Code.pm, 2
src/old/builtins/Junction.pir, 2
src/core/BagHash.pm, 6
src/Perl6/Optimizer.pm, 6
t/00-parrot/04-op-cmp.t, 4
.gitattributes, 1
src/builtins-old/cmp.pir, 1
src/pmc/p6invocation.pmc, 5
src/core/stubs.pm, 11
docs/announce/2013.03.md, 2
src/binder/sigguts.h, 1
src/old/setting/Parameter.pm, 2
t/04-nativecall/04-pointers.t, 7
t/01-sanity/53-transpose.t, 1
t/04-nativecall/08-callbacks.c, 2
src/cheats/parrot/register.pir, 2
src/core/Rakudo/Internals/HyperRaceSharedImpl.pm, 2
src/core/CompUnit/PrecompilationRepository.pm, 13
src/core/YOU_ARE_HERE.pm, 1
src/core/Junction.pm6, 1
t/01-sanity/lib.pm, 3
src/old/builtins/Proxy.pir, 2
t/04-nativecall/22-method.c, 1
docs/NEWS, 1
src/setting/Hash.pm, 2
src/parrot/signature.pir, 1
src/CORE.setting/Method.pm, 1
t/01-sanity/07-try.t, 4
src/old/setting/Mapping.pm, 2
docs/roast-spectest.data-versioning.md, 2
src/core/Process.pm, 12
src/core/Awaitable.pm, 2
src/old/setting/Junction.pm, 2
src/metamodel/GrammarHOW.pir, 2
src/old/cheats/perl6-compiler.pir, 2
src/core/Map.pm, 8
src/core/io_operators.pm6, 3
src/old/builtins/control.pir, 2
src/core/Iterator.pm, 9
src/core/array_operators.pm6, 2
src/old/parser/actions.pm, 2
t/03-jvm/01-interop.t, 2
lib/CompUnit/Repository/Staging.pm6, 1
src/core/IO/Socket/Async.pm6, 2
src/core/CompUnit/RepositoryRegistry.pm6, 1
tools/update-tai-utc.pl, 4
src/pmc/perl6undef.pmc, 4
src/CORE.setting/natives.pm, 1
docs/announce/2011.06, 1
src/core/Label.pm, 4
src/vm/moar/ops/container.h, 1
config/makefiles/utils.in, 4
src/builtins/Seq.pir, 6
src/old/builtins/Any.pir, 2
src/vm/jvm/core/Publish.pm, 2
src/old/core/Str.pm, 2
src/old/builtins/ConcreteRole.pir, 2
src/core/Code.pm, 9
src/core/DateTime.pm, 8
src/core/QuantHash.pm, 5
src/classes/Routine.pir, 3
tools/progress-graph.pl, 5
src/core/Method.pm, 5
tools/build/create-jvm-runner.pl, 12
src/core/Telemetry.pm, 1
src/core/Thread.pm, 4
src/core/Dateish.pm6, 1
src/classes/ClassHOW.pir, 6
src/cheats/constants.pir, 2
src/RESTRICTED.setting, 8
src/core/Range.pm6, 3
src/core/vm.pm, 1
docs/announce/2013.04.md, 1
docs/announce/2012.05, 2
src/builtins/misc.pir, 6
src/builtins/compiler.pir, 1
t/05-messages/01-errors.t, 4
t/04-nativecall/05-arrays.t, 9
src/core/Match.pm, 22
src/builtins/match.pir, 7
src/classes/Complex.pir, 6
src/glue/phasers.pir, 2
src/CORE.setting/Num.pm, 2
lib/NativeCall/Types.pm, 3
tools/build/Makefile-common.in, 3
tools/build/Makefile-Parrot.in, 13
src/vm/jvm/core/SupplyOperations.pm, 2
src/setting/traits.pm, 1
src/core/Lock/Async.pm6, 1
src/old/setting/Operators.pm, 3
src/core/Rakudo/Internals.pm, 15
src/vm/jvm/CompUnit/Repository/JavaRuntime.pm, 1
tools/contributors.pl, 6
src/setting/Temporal.pm, 5
t/01-sanity/07-isa.t, 5
src/Perl6/Metamodel/MROBasedMethodDispatch.nqp, 3
src/core/Set.pm, 12
src/core/ForeignCode.pm, 5
src/classes/WhateverCode.pir, 1
src/old/setting/Signature.pm, 2
src/old/builtins/ListIter.pir, 2
src/core/Array.pm6, 4
t/pod/03-abbreviated.t, 1
src/core/set_elem.pm6, 3
src/core/List.pm, 32
src/cheats/int-ops.pir, 1
t/pod/08-formattingcodes.t, 1
src/core/CompUnit/Repository/Perl5.pm6, 2
t/01-sanity/01-literals.t, 3
src/Perl6/Metamodel/EnumHOW.pm, 4
tools/fudge_purity_inspector.pl, 2